Filter,Reduction,Model,Accuracy_Mean,F1_Score,B_Accuracy_mean,B_accuracy_list
ANOVA,ICA,KNN_1,0.5917436175991309,0.5905827899876751,0.5900658302499056,0.62677;0.55199;0.61759;0.57407;0.5792
Kendall,LDA,KNN_10,0.9575230852797393,0.9575489567179204,0.9577053511568515,0.96633;0.94923;0.95082;0.94778;0.97424
MI,PCA,KNN_20,0.8940793047256925,0.8933024135314811,0.8930817232429302,0.89989;0.87871;0.89793;0.91762;0.87073
Pearson,Sin reducción,NeuralNetwork_100,0.8937533948940792,0.8908628384632582,0.8929926032581493,0.9291;0.84141;0.88771;0.86468;0.94273
RFE,ICA,NeuralNetwork_100_50,0.5863117870722434,0.5504026339584065,0.5845560106781155,0.58401;0.56956;0.5786;0.53971;0.65389
Sin_Filtrado,LDA,NeuralNetwork_50,0.8895165670831069,0.8859423302990701,0.8930310728871799,0.89364;0.91274;0.90341;0.91095;0.84206
Spearman,PCA,SVM_0.1,0.910483432916893,0.9099621626885362,0.9106468549739972,0.9292;0.89265;0.92234;0.9105;0.89776
ANOVA,Sin reducción,SVM_0.5,0.9337316675719718,0.9333735479195227,0.9337822559549368,0.9595;0.91366;0.93447;0.92812;0.93167
Kendall,ICA,SVM_1.0,0.6708310700706137,0.6618099575911657,0.6696071446185135,0.67827;0.67086;0.69487;0.66097;0.64239
